[
  {
    "groupName": "Project",
    "menuList": [
      {
        "icon": "assets/sidebar/tools.svg",
        "menuName": "Project",
        "path": "/tools"
      }
    ]
  },
  {
    "groupName": "Widgets",
    "menuList": [
      {
        "icon": "assets/sidebar/dashboard.svg",
        "menuName": "Dashboard",
        "path": "/"
      },
      {
        "icon": "assets/sidebar/calendar.svg",
        "menuName": "Calendar",
        "path": "/calendar"
      },
      {
        "icon": "assets/sidebar/invoice.svg",
        "menuName": "Invoice",
        "path": "/invoice"
      },
      {
        "icon": "assets/sidebar/profile.svg",
        "menuName": "Profile",
        "path": "/profile"
      },
      {
        "icon": "assets/sidebar/forms.svg",
        "menuName": "Forms",
        "childList": [
          {
            "menuName": "FormElements",
            "path": "/formElements"
          },
          {
            "menuName": "FormLayout",
            "path": "/formLayout"
          }
        ]
      },
      {
        "icon": "assets/sidebar/table.svg",
        "menuName": "Tables",
        "childList": [
          {
            "menuName": "BasicTable",
            "path": "/tables"
          },
          {
            "menuName": "Contacts",
            "path": "/contacts"
          }
        ]
      },
      {
        "icon": "assets/sidebar/setting.svg",
        "menuName": "Settings",
        "path": "/settings"
      },
      {
        "icon": "assets/sidebar/chart.svg",
        "menuName": "Chart",
        "childList": [
          {
            "menuName": "BasicChart",
            "path": "/basicChart"
          }
        ]
      },
      {
        "icon": "assets/sidebar/ui.svg",
        "menuName": "UIElements",
        "childList": [
          {
            "menuName": "Alerts",
            "path": "/alerts"
          },
          {
            "menuName": "Buttons",
            "path": "/buttons"
          },
          {
            "menuName": "Toast",
            "path": "/toast"
          },
          {
            "menuName": "Modal",
            "path": "/modal"
          }
        ]
      },
      {
        "icon": "assets/sidebar/auth.svg",
        "menuName": "Auth",
        "childList": [
          {
            "menuName": "SignIn",
            "path": "/signIn",
            "blank": true
          },
          {
            "menuName": "SignUp",
            "path": "/signUp",
            "blank": true
          },
          {
            "menuName": "ResetPassword",
            "path": "/resetPwd",
            "blank": true
          }
        ]
      }
    ]
  }
]