[
  {
    "groupName": "Dự án",
    "menuList": [
      {
        "icon": "assets/sidebar/tools.svg",
        "menuName": "Dự án",
        "path": "/tools"
      }
    ]
  },
  {
    "groupName": "Widget",
    "menuList": [
      {
        "icon": "assets/sidebar/dashboard.svg",
        "menuName": "Bảng điều khiển",
        "path": "/"
      },
      {
        "icon": "assets/sidebar/calendar.svg",
        "menuName": "Lịch",
        "path": "/calendar"
      },
      {
        "icon": "assets/sidebar/invoice.svg",
        "menuName": "Hóa đơn",
        "path": "/invoice"
      },
      {
        "icon": "assets/sidebar/profile.svg",
        "menuName": "Hồ sơ",
        "path": "/profile"
      },
      {
        "icon": "assets/sidebar/forms.svg",
        "menuName": "Biểu mẫu",
        "childList": [
          {
            "menuName": "Thành phần Biểu mẫu",
            "path": "/formElements"
          },
          {
            "menuName": "Bố cục Biểu mẫu",
            "path": "/formLayout"
          }
        ]
      },
      {
        "icon": "assets/sidebar/table.svg",
        "menuName": "Bảng",
        "childList": [
          {
            "menuName": "Bảng Cơ bản",
            "path": "/tables"
          },
          {
            "menuName": "Danh bạ",
            "path": "/contacts"
          }
        ]
      },
      {
        "icon": "assets/sidebar/setting.svg",
        "menuName": "Thiết lập",
        "path": "/settings"
      },
      {
        "icon": "assets/sidebar/chart.svg",
        "menuName": "Biểu đồ",
        "childList": [
          {
            "menuName": "Biểu đồ Cơ bản",
            "path": "/basicChart"
          }
        ]
      },
      {
        "icon": "assets/sidebar/ui.svg",
        "menuName": "Thành phần UI",
        "childList": [
          {
            "menuName": "Cảnh báo",
            "path": "/alerts"
          },
          {
            "menuName": "Nút",
            "path": "/buttons"
          },
          {
            "menuName": "Thông báo",
            "path": "/toast"
          },
          {
            "menuName": "Hộp thoại",
            "path": "/modal"
          }
        ]
      },
      {
        "icon": "assets/sidebar/auth.svg",
        "menuName": "Xác thực",
        "childList": [
          {
            "menuName": "Đăng nhập",
            "path": "/signIn",
            "blank": true
          },
          {
            "menuName": "Đăng ký",
            "path": "/signUp",
            "blank": true
          },
          {
            "menuName": "Đặt lại Mật khẩu",
            "path": "/resetPwd",
            "blank": true
          }
        ]
      }
    ]
  }
]