[
  {
    "groupName": "Proyecto",
    "menuList": [
      {
        "icon": "assets/sidebar/tools.svg",
        "menuName": "Proyecto",
        "path": "/tools"
      }
    ]
  },
  {
    "groupName": "Widgets",
    "menuList": [
      {
        "icon": "assets/sidebar/dashboard.svg",
        "menuName": "Panel de Control",
        "path": "/"
      },
      {
        "icon": "assets/sidebar/calendar.svg",
        "menuName": "Calendario",
        "path": "/calendar"
      },
      {
        "icon": "assets/sidebar/invoice.svg",
        "menuName": "Factura",
        "path": "/invoice"
      },
      {
        "icon": "assets/sidebar/profile.svg",
        "menuName": "Perfil",
        "path": "/profile"
      },
      {
        "icon": "assets/sidebar/forms.svg",
        "menuName": "Formularios",
        "childList": [
          {
            "menuName": "Elementos de Formulario",
            "path": "/formElements"
          },
          {
            "menuName": "Diseño de Formulario",
            "path": "/formLayout"
          }
        ]
      },
      {
        "icon": "assets/sidebar/table.svg",
        "menuName": "Tablas",
        "childList": [
          {
            "menuName": "Tabla Básica",
            "path": "/tables"
          },
          {
            "menuName": "Contactos",
            "path": "/contacts"
          }
        ]
      },
      {
        "icon": "assets/sidebar/setting.svg",
        "menuName": "Configuración",
        "path": "/settings"
      },
      {
        "icon": "assets/sidebar/chart.svg",
        "menuName": "Gráficos",
        "childList": [
          {
            "menuName": "Gráfico Básico",
            "path": "/basicChart"
          }
        ]
      },
      {
        "icon": "assets/sidebar/ui.svg",
        "menuName": "Elementos de UI",
        "childList": [
          {
            "menuName": "Alertas",
            "path": "/alerts"
          },
          {
            "menuName": "Botones",
            "path": "/buttons"
          },
          {
            "menuName": "Toast",
            "path": "/toast"
          },
          {
            "menuName": "Modal",
            "path": "/modal"
          }
        ]
      },
      {
        "icon": "assets/sidebar/auth.svg",
        "menuName": "Autenticación",
        "childList": [
          {
            "menuName": "Iniciar Sesión",
            "path": "/signIn",
            "blank": true
          },
          {
            "menuName": "Registrarse",
            "path": "/signUp",
            "blank": true
          },
          {
            "menuName": "Restablecer Contraseña",
            "path": "/resetPwd",
            "blank": true
          }
        ]
      }
    ]
  }
]