[
  {
    "groupName": "プロジェクト",
    "menuList": [
      {
        "icon": "assets/sidebar/tools.svg",
        "menuName": "プロジェクト",
        "path": "/tools"
      }
    ]
  },
  {
    "groupName": "ウィジェット",
    "menuList": [
      {
        "icon": "assets/sidebar/dashboard.svg",
        "menuName": "ダッシュボード",
        "path": "/"
      },
      {
        "icon": "assets/sidebar/calendar.svg",
        "menuName": "カレンダー",
        "path": "/calendar"
      },
      {
        "icon": "assets/sidebar/invoice.svg",
        "menuName": "インボイス",
        "path": "/invoice"
      },
      {
        "icon": "assets/sidebar/profile.svg",
        "menuName": "プロフィール",
        "path": "/profile"
      },
      {
        "icon": "assets/sidebar/forms.svg",
        "menuName": "フォーム",
        "childList": [
          {
            "menuName": "フォームエレメント",
            "path": "/formElements"
          },
          {
            "menuName": "フォームレイアウト",
            "path": "/formLayout"
          }
        ]
      },
      {
        "icon": "assets/sidebar/table.svg",
        "menuName": "テーブル",
        "childList": [
          {
            "menuName": "基本テーブル",
            "path": "/tables"
          },
          {
            "menuName": "連絡先",
            "path": "/contacts"
          }
        ]
      },
      {
        "icon": "assets/sidebar/setting.svg",
        "menuName": "設定",
        "path": "/settings"
      },
      {
        "icon": "assets/sidebar/chart.svg",
        "menuName": "チャート",
        "childList": [
          {
            "menuName": "基本チャート",
            "path": "/basicChart"
          }
        ]
      },
      {
        "icon": "assets/sidebar/ui.svg",
        "menuName": "UIエレメント",
        "childList": [
          {
            "menuName": "警告",
            "path": "/alerts"
          },
          {
            "menuName": "ボタン",
            "path": "/buttons"
          },
          {
            "menuName": "トースト",
            "path": "/toast"
          },
          {
            "menuName": "モーダル",
            "path": "/modal"
          }
        ]
      },
      {
        "icon": "assets/sidebar/auth.svg",
        "menuName": "認証",
        "childList": [
          {
            "menuName": "サインイン",
            "path": "/signIn",
            "blank": true
          },
          {
            "menuName": "サインアップ",
            "path": "/signUp",
            "blank": true
          },
          {
            "menuName": "パスワードリセット",
            "path": "/resetPwd",
            "blank": true
          }
        ]
      }
    ]
  }
]