[
  {
    "groupName": "项目",
    "menuList": [
      {
        "icon": "assets/sidebar/tools.svg",
        "menuName": "工具",
        "path": "/tools"
      }
    ]
  },
  {
    "groupName": "组件",
    "menuList": [
      {
        "icon": "assets/sidebar/dashboard.svg",
        "menuName": "仪表盘",
        "path": "/"
      },
      {
        "icon": "assets/sidebar/calendar.svg",
        "menuName": "日历",
        "path": "/calendar"
      },
      {
        "icon": "assets/sidebar/invoice.svg",
        "menuName": "发票",
        "path": "/invoice"
      },
      {
        "icon": "assets/sidebar/profile.svg",
        "menuName": "个人资料",
        "path": "/profile"
      },
      {
        "icon": "assets/sidebar/forms.svg",
        "menuName": "表单",
        "childList": [
          {
            "menuName": "表单元素",
            "path": "/formElements"
          },
          {
            "menuName": "表单布局",
            "path": "/formLayout"
          }
        ]
      },
      {
        "icon": "assets/sidebar/table.svg",
        "menuName": "表格",
        "childList": [
          {
            "menuName": "基础表格",
            "path": "/tables"
          },
          {
            "menuName": "通讯录",
            "path": "/contacts"
          }
        ]
      },
      {
        "icon": "assets/sidebar/setting.svg",
        "menuName": "设置",
        "path": "/settings"
      },
      {
        "icon": "assets/sidebar/chart.svg",
        "menuName": "图表",
        "childList": [
          {
            "menuName": "基础图表",
            "path": "/basicChart"
          }
        ]
      },
      {
        "icon": "assets/sidebar/ui.svg",
        "menuName": "用户界面元素",
        "childList": [
          {
            "menuName": "警告",
            "path": "/alerts"
          },
          {
            "menuName": "按钮",
            "path": "/buttons"
          },
          {
            "menuName": "吐司",
            "path": "/toast"
          },
          {
            "menuName": "模态框",
            "path": "/modal"
          }
        ]
      },
      {
        "icon": "assets/sidebar/auth.svg",
        "menuName": "认证",
        "childList": [
          {
            "menuName": "登录",
            "path": "/signIn",
            "blank": true
          },
          {
            "menuName": "注册",
            "path": "/signUp",
            "blank": true
          },
          {
            "menuName": "重置密码",
            "path": "/resetPwd",
            "blank": true
          }
        ]
      }
    ]
  }
]