[
  {
    "groupName": "Projet",
    "menuList": [
      {
        "icon": "assets/sidebar/tools.svg",
        "menuName": "Projet",
        "path": "/tools"
      }
    ]
  },
  {
    "groupName": "Widgets",
    "menuList": [
      {
        "icon": "assets/sidebar/dashboard.svg",
        "menuName": "Tableau de bord",
        "path": "/"
      },
      {
        "icon": "assets/sidebar/calendar.svg",
        "menuName": "Calendrier",
        "path": "/calendar"
      },
      {
        "icon": "assets/sidebar/invoice.svg",
        "menuName": "Facture",
        "path": "/invoice"
      },
      {
        "icon": "assets/sidebar/profile.svg",
        "menuName": "Profil",
        "path": "/profile"
      },
      {
        "icon": "assets/sidebar/forms.svg",
        "menuName": "Formulaires",
        "childList": [
          {
            "menuName": "Éléments de formulaire",
            "path": "/formElements"
          },
          {
            "menuName": "Disposition de formulaire",
            "path": "/formLayout"
          }
        ]
      },
      {
        "icon": "assets/sidebar/table.svg",
        "menuName": "Tables",
        "childList": [
          {
            "menuName": "Tableau de base",
            "path": "/tables"
          },
          {
            "menuName": "Contacts",
            "path": "/contacts"
          }
        ]
      },
      {
        "icon": "assets/sidebar/setting.svg",
        "menuName": "Réglages",
        "path": "/settings"
      },
      {
        "icon": "assets/sidebar/chart.svg",
        "menuName": "Graphiques",
        "childList": [
          {
            "menuName": "Graphique de base",
            "path": "/basicChart"
          }
        ]
      },
      {
        "icon": "assets/sidebar/ui.svg",
        "menuName": "Éléments d'interface utilisateur",
        "childList": [
          {
            "menuName": "Alertes",
            "path": "/alerts"
          },
          {
            "menuName": "Boutons",
            "path": "/buttons"
          },
          {
            "menuName": "Toast",
            "path": "/toast"
          },
          {
            "menuName": "Modal",
            "path": "/modal"
          }
        ]
      },
      {
        "icon": "assets/sidebar/auth.svg",
        "menuName": "Authentification",
        "childList": [
          {
            "menuName": "Connexion",
            "path": "/signIn",
            "blank": true
          },
          {
            "menuName": "Inscription",
            "path": "/signUp",
            "blank": true
          },
          {
            "menuName": "Réinitialisation du mot de passe",
            "path": "/resetPwd",
            "blank": true
          }
        ]
      }
    ]
  }
]